{
	"vn":{
    "helloworld": "Xin chào",
    "register_tenkhonghople": "Tên đăng nhập có độ dài 5-20 kí tự chỉ gồm các kí tự a-z và số 0-9, không bao gồm các kí tự đặc biệt và khoảng trắng. Vui lòng thử lại!",
    "register_matkhauyeu": "Mật khẩu có độ dài 5-20 kí tự, phải bao gồm các ký tự số và chữ. Vui lòng thử lại!",
    "register_saicapcha": "Sai mã capcha.",
    "register_matkhau_khonggiongnhau": "Mật khẩu không khớp nhau!",
    "register_chuanhap_matkhau": "Bạn chưa nhập mật khẩu!",
    "register_chuanhap_ten": "Tên đăng nhập chứa kí tự không hợp lệ, quá dài hoặc quá ngắn: Tên đăng nhập có độ dài 5-20 kí tự chỉ gồm các kí tự a-z và số 0-9, không bao gồm các kí tự đặc biệt và khoảng trắng. Vui lòng thử lại!",
    "register_chuanhap_capcha": "Bạn chưa nhập Capcha!",
    "register_chuanhaplai_matkhau": "Bạn chưa nhập lại mật khẩu!",
	"register_dangky":"Đăng Ký ",
	"register_matkhau":"Mật Khẩu",
	"register_nhaplai_matkhau":"Nhập lại mật khẩu",
	"register_taikhoan":"Tài Khoản",
	"register_warning":"Xin vui lòng nhập đủ thông tin.",
		"register_nhaplai":"Nhập lại",
	"login_dangnhap":"Đăng Nhập",
	"login_choingay":"Chơi Ngay",
	"login_facebook":"Facebook",
	"login_quenmk":"Quên mật khẩu?",
	"login_ghinhomk":"Ghi nhớ mật khẩu.",

		"change_pass_old":"Mật khẩu cũ:",
		"change_pass_new":"Mật khẩu mới:",
		"change_pass_again":"Nhập lại:",
	"nhap_matkhau":"Mật khẩu...",
	"nhap_matkhau_moi":"Nhập mật khẩu mới...",
	"nhap_nhaplai_matkhau":"Nhập lại mật khẩu...",
	"nhap_taikhoan":"Tài khoản...",
	"lay_lai_mat_khau":"Lấy Lại Mật Khẩu",
	"ten_dang_nhap":"Tên đăng nhập",
	"gui_sms_doi_mk":"Bạn muốn gửi tin nhắn để đổi mật khẩu?",

    "reconect_cancel": "THOÁT",
    "reconect_retry": "Không thể kết nối tới server, Bạn có muốn thử lại?",
	"reconect_disconnect": "Mất kết nối!",
    "recpnect_reconecting": "Đang kết nối lại...",
	
    "popup_tittle_thongbao": "THÔNG BÁO",
    "popup_tittle_bang_xh": "BẢNG XẾP HẠNG",
    "popup_ok_dongy": "ĐỒNG Ý",
    "popup_cancel_huy": "HỦY",
    "popup_cancelall_huytatca": "HỦY TẤT CẢ",
    "popup_quitgame_thoatgame": "Bạn có muốn thoát game không?",
    "popup_dang_ky_thanh_cong": "Chúc Mừng bạn đã đăng ký thành công!",
    "popup_quittable": "Bạn có muốn thoát bàn chơi không?",
    "popup_quitacc_thoattk": "Bạn có muốn thoát tài khoản hiện tại không?",
    "popup_thich_thi_ra": "Vào bàn thất bại!",
    "popup_con_ng_san_sang": "Còn người chưa sẵn sàng.\nBạn có muốn bắt đầu không?",
    "popup_khong_de_trong": "Bạn không được để trống!",
    "popup_mail_admin": "Bạn nhận được thư hệ thống. Bạn có muốn xem ngay không?",
    "popup_mail_co_tien": "Bạn nhận được thư chuyển tiển. Bạn có muốn xem ngay không?",
    "popup_chua_chon_bai": "Chưa chọn bài!",
    "popup_danh_bai_loi": "Đánh bài lỗi!",
    "popup_invite_play": "{0} mời bạn chơi game {1} với mức cược {2}.",
	"popup_lay_mk":"Chương trình sẽ gửi tin nhắn để lấy lại mật khẩu (phí 5000đ), bạn có đồng ý không?",
    "button_gui": "Gửi",
	
    "menu_thong_bao": "Thông báo",
    "menu_cai_dat": "Cài đặt",

    "ingame_ready": "SẴN SÀNG",
    "ingame_start": "BẮT ĐẦU",
    "ingame_attack": "ĐÁNH",
    "ingame_leave": "BỎ LƯỢT",
    "ingame_unready": "BỎ SẴN SÀNG",
	"ingame_bao_sam":"BÁO SÂM",
	"ingame_khong_sam":"BỎ QUA",
	"ingame_bao_1_con":"BÁO",
	"ingame_an":"ĂN",
	"ingame_ha_bai":"HẠ PHỎM",
	"ingame_xep_bai":"XẾP BÀI",
	"ingame_so_bai":"SO BÀI",
	"ingame_doi_chi":"ĐỔI CHI",
	"ingame_xep_lai":"XẾP LẠI",
	
	 "maingame_choingay": "CHƠI NGAY",
    "maingame_taoban": "TẠO BÀN",
    "maingame_tenban": "Tên Bàn",
    "maingame_idban": "ID",
    "maingame_songuoi": "Số Người",
    "maingame_napxu": "Nạp xu",
	
    "room_ten_ban_choi": "Tên bàn chơi",
    "room_muc_cuoc": "Mức cược",
    "room_tien_can": "Tiền cần",
    "room_so_nguoi": "Số người",
    "room_an_ban_full": "Ẩn bàn full",
    "room_chon_muc_cuoc": "Chọn mức cược",
	
    "lobby_nap": "Nạp",
    "lobby_mail": "Hòm thư",
    "lobby_help": "Hỗ trợ",
    "lobby_rank": "Xếp hạng",
    "lobby_menu": "Menu",
	
    "lobby_invite": "MỜI BẠN",
    "lobby_invite_all": "Mời tất cả",

    "popup_taoban_header":  "TẠO BÀN",
    "popup_taoban_muccuoc": "MỨC CƯỢC",
    "iap_header": "NẠP TIỀN",
    "iap_btn_napthe": "NẠP THẺ",
    "iap_btn_huy": "HỦY",
    "iap_history": "LỊCH SỬ NẠP TIỀN",
    "iap_hitory_day": "Ngày",
    "iap_history_type": "Loại thẻ",
    "iap_history_sodu": "Số dư",
    "iap_history_no_record": "Hiện chưa có lịch sử nạp tiền",
    "iap_noitem": "Hiện chưa có gói nạp nào trong danh sách",
	"error_seri_code":"Số Seri hoặc Mã thẻ không hợp lệ",

    "help_luat_choi": "Luật chơi",
	
    "setting_tile": "CÀI ĐẶT",
    "setting_amthanh": "Âm thanh",
    "setting_nlmc": "Nhận lời mời chơi",
    "setting_rung": "Báo rung",
    "setting_tu_dong_san_sang": "Tự động sẵn sàng",
	"setting_oldpassnull": "Bạn chưa nhập mật khẩu cũ.",
    "setting_newpassnull": "Bạn chưa nhập mật  khẩu mới.",
    "setting_renewpassnull": "Bạn chưa nhập lại mật khẩu mới.",
     "setting_changepasssucccess": "Đổi mật khẩu thành công.",
     "setting_changepassfail": "Đổi mật khẩu thất bại.",
        "setting_passfail": "Mời Bạn nhập lại mật khẩu. Mật khẩu của Bạn chỉ bao gồm các ký tự a-z, A-Z, 0-9 và dấu _. Xin cảm ơn!",
        "setting_longpass": "Mật khẩu của tài khoản ít nhất có 6 ký tự và không được dài quá 20 ký tự.",
        "setting_identicalpassword": "Mật khẩu cũ và mật khẩu mới trùng nhau.",
        "setting_passdifferent": "Mật khẩu mới không khớp.",
        "setting_oldpasserr": "Mật khẩu cũ không đúng.",
        "setting_changeaccsusscess": "Thông tin cá nhân của quý khách đã được cập nhật thành công. Chúc quý khách may mắn với Cờ Tướng Đổi Thưởng!",
        "setting_phonenull": "Bạn chưa nhập số điện thoại.",
        "setting_emailnull": "Bạn chưa nhập email.",
        "setting_emailerr": "Email không hợp lệ.",
        "setting_emailphoneerr": "Email và số điện thoại không hợp lệ.",
        "setting_phoneerr": "Số điện thoại quý khách nhập không hợp lệ, số điện thoại từ 9-13 ký tự số (từ 0-9, chấp nhận kí tự cộng+ ở đầu).",

		"setting_tab_changeinfo_email_longerr": "Email phải có độ dài từ 4 - 40 ký tự",
    "setting_tab_changeinfo_email_formaterr": "Email không hợp lệ. Định dạng email chuẩn là abc@xyz.jqk (abcxyzjqk là các ký tự alphabet, số, dấu chấm., gạch ngang- và gạch dưới_)",

    "maingame_doithuong": "Đổi thưởng",
    "maingame_lichsu_doithuong": "Lịch sử",
	"facebook_selectall":"CHỌN TẤT CẢ",
		"facebook_deselectall":"HỦY TẤT CẢ",
		"facebook_invitefriend":"MỜI",
		"facebook_invitefriend_title":"MỜI BẠN BÈ FACEBOOK",
		"facebook_invitefriend_number":"bạn bè.",
		"facebook_invite_fail":"Mời bạn bè thất bại.",
		"facebook_login_fail":"Đăng nhập facebook thất bại.",
		"facebook_login_error":"Đăng nhập facebook lỗi.",
		"facebook_get_friend_list_fail":"Lấy danh sách bạn bè thất bại.",
		"facebook_send_invite_success":"Mời bạn bè thành công!!!!",
		"facebook_permission_fail":"Bạn cần cung cấp quyền xem danh sách bạn bè để đăng nhập facebook!",
    "facebook_invitefriend_done_today": "Bạn đã mời hết số bạn trong ngày hôm nay, xin quay trở lại vào hôm sau.",
    "doithuong_header": "ĐỔI THƯỞNG",
    "doithuong_noitem": "Hiện chưa có vật phẩm đổi thưởng trong danh sách",
    "doithuong_confirm": "Bạn có muốn đổi {0} với giá {1} không ?",
    "doithuong_error": "Bạn không đủ tiển!",
    "lsdoithuong_header": "LỊCH SỬ ĐỔI THƯỞNG",
    "lsdoithuong_btn_huy": "Hủy",
    "lsdoithuong_btn_nap": "Nạp",
    "lsdoithuong_dahuy": "Đã Hủy",
    "lsdoithuong_danap": "Đã Nạp",
    "lsdoithuong_dadoi": "Đã Đổi",
    "lsdoithuong_confirm_huydoithuong": "Bạn có muốn hủy đổi thưởng vật phẩm này ?",
    "lsdoithuong_confirm_nap": "Bạn có muốn nạp lại vật phẩm này không ?",

	"setting_change_pass_success":"Thay đổi mật khẩu thành công: ",
	"setting_change_pass_fail":"Thay đổi mật khẩu thất bại: ",
	"setting_change_info_success":"Thay đổi thông tin cá nhân thành công: ",
	"setting_change_info_fail":"Thay đổi thông tin cá nhân thất bại: ",
	"leave_table":"Bạn đã đăng ký rời bàn.",
	"rank_tieu_de" : "Vua Bài",
	"rank_tieu_de_cao_thu" : "Cao Thủ",
	"rank_header_rank" : "STT",
	"rank_header_tai_khoan" : "Tài khoản",
	"rank_header_diem" : "Điểm tích lũy",
	"rank_hom_qua" : "Hôm qua",
	"rank_ngay" : "Ngày",
	"rank_tuan" : "Tuần",
	"rank_thang" : "Tháng",
	"rank_giai_tuan" : "Giải tuần",
	"rank_giai_thang" : "Giải tháng",
	"rank_giai_thuong" : "Giải thưởng",
	"rank_gioi_thieu" : "Giới thiệu",
	"gop_y_tieu_de":"Góp ý",
	"gop_y_hint":"Những góp ý chất lượng sẽ nhận được quà tặng  từ Ban quản trị.\nChúc các bạn vui vẻ và may mắn.",
	
	"bank_tieu_de":"Ngân hàng",
	"bank_nhan_gold":"Nhận Gold",
	"bank_chuyen_gold":"Chuyển Gold",
	"bank_ket_bac":"Két bạc",
	"bank_header_nguoi_gui":"Người gửi",
	"bank_header_noi_dung":"Nội dung",
	"bank_header_ngay_gui":"Ngày gửi",
	"bank_header_nguoi_nhan":"Người nhận",
	"bank_header_gia_tri":"Giá trị",
	"bank_msg_vip3":"Vip 3 trở lên mới được sử dụng chức năng này!",
	
	"payment_tab_thecao":"Thẻ cào",
	"payment_tab_chuyentien":"Chuyển tiền",
	"payment_tab_daily":"Đại lý",
	"payment_txt_tyle_quydoi":"TỶ LỆ QUY ĐỔI",
	"payment_txt_chonmang":"Chọn mạng",
	"payment_mathe":"Mã thẻ:",
	"payment_soseri":"Số seri:",
	"payment_error":"Bạn không được để trống!",
	"payment_hethong_xuli":"Hệ thống đang xử lí!",
	"payment_txt_toida_10tin":"Mỗi ngày chỉ được phép nạp tối đa 10 tin nhắn",
	"payment_txt_send_sms":"Nhắn tin để nạp {0} Gold (phí {1}).",
	"payment_txt_lsct":"Lịch sử chuyển tiền",
	"payment_txt_ko_gd":"Bạn chưa có giao dịch nào!",

	"mail_txt_ko_mail":"Bạn không có thư nào!",
	"mail_txt_tin_he_thong":"Tin hệ thống",

    "popup_tittle_thong_canhan": "Thông tin cá nhân",
	"info_player_sovandau":"Số ván đấu: {0}",
	"info_player_tylethang":"Tỷ lệ thắng: {0}%",
	"info_player_sogoldmax":"Số Gold lớn nhất: {0}",
	"info_player_capnhat":"Cập nhật: {0}",
	"info_player_doiten":"Đổi Tên",
	"info_player_doimk":"Đổi Mật Khẩu",
	"info_player_doiavata":"Đổi Avata",
	"change_name_tenhientai":"Tên hiện tại: {0}",
	"change_name_tenmoi":"Tên mới:",

	"helper":"Để được hỗ trợ các bạn vui lòng liên hệ các kênh chăm sóc khác hàng sau:\n
	1. Chăm sóc khách hàng: {0}
	2. Fanpage: {1}
	3. Mail hỗ trợ: {2}",

	"mail_tieu_de":"Hòm thư",
	"mail_soan_thu":"Soạn thư",
	"mail_he_thong":"Hệ thống",
	"mail_nguoi_choi":"Người chơi",
	"forced_logout":"Tài khoản của bạn đang được đăng nhập trên thiết bị khác",
	"xac_thuc_sdt":"\t- Số điện thoại dùng để xác thực quyền sở hữu của bạn đối với tài khoản này, vì vậy bạn chỉ được nhập 1 lần duy nhất, không được phép thay đổi. Bạn hãy nhập một cách chính xác số điện thoại của mình để đảm bảo quyền lợi của bạn trong tương lai.\n\n\t- Khi bạn quên mật khẩu, hãy báo với admin, chúng tôi sẽ gửi lại mật khẩu của bạn vào số điện thoại mà bạn đã đăng ký.",
	"xd_chan":"CHẴN",
	"xd_le":"LẺ",
	"xd_dat_x2":"Đặt X2",
	"xd_dat_lai":"Đặt lại",
	"xd_huy_cuoc":"Huỷ cược",
	"xd_lam_cai":"Làm cái",
	"xd_huy_cai":"Huỷ cái",
	"xd_cho_van_moi":"Chờ bắt đầu ván mới!",
	"xd_nha_cai_xoc":"Nhà cái bắt đầu xóc",
	"xd_bd_dat_cuoc":"Đặt cược",
	"xd_nha_cai_dung_cuoc":"Nhà cái ngừng nhận cược"
		},
	"en":{
		"helloworld": "Hello World"
	}
}